-- phpMyAdmin SQL Dump
-- version 4.9.5
-- https://www.phpmyadmin.net/
--
-- Servidor: localhost:3306
-- Tiempo de generación: 25-03-2023 a las 18:59:26
-- Versión del servidor: 10.5.16-MariaDB
-- Versión de PHP: 7.3.32

SET SQL_MODE = "NO_AUTO_VALUE_ON_ZERO";
SET AUTOCOMMIT = 0;
START TRANSACTION;
SET time_zone = "+00:00";


/*!40101 SET @OLD_CHARACTER_SET_CLIENT=@@CHARACTER_SET_CLIENT */;
/*!40101 SET @OLD_CHARACTER_SET_RESULTS=@@CHARACTER_SET_RESULTS */;
/*!40101 SET @OLD_COLLATION_CONNECTION=@@COLLATION_CONNECTION */;
/*!40101 SET NAMES utf8mb4 */;

--
-- Base de datos: `id19619100_sistema`
--

-- --------------------------------------------------------

--
-- Estructura de tabla para la tabla `abonos`
--

CREATE TABLE `abonos` (
  `id` int(11) NOT NULL,
  `abono` decimal(10,2) NOT NULL,
  `fecha` timestamp NOT NULL DEFAULT current_timestamp() ON UPDATE current_timestamp(),
  `apertura` int(11) NOT NULL DEFAULT 1,
  `id_credito` int(11) NOT NULL,
  `id_usuario` int(11) NOT NULL
) ENGINE=InnoDB DEFAULT CHARSET=utf8mb4;

-- --------------------------------------------------------

--
-- Estructura de tabla para la tabla `acceso`
--

CREATE TABLE `acceso` (
  `id` int(11) NOT NULL,
  `evento` varchar(30) NOT NULL,
  `ip` varchar(50) NOT NULL,
  `detalle` text NOT NULL,
  `fecha` timestamp NOT NULL DEFAULT current_timestamp() ON UPDATE current_timestamp()
) ENGINE=InnoDB DEFAULT CHARSET=utf8mb4;

--
-- Volcado de datos para la tabla `acceso`
--

INSERT INTO `acceso` (`id`, `evento`, `ip`, `detalle`, `fecha`) VALUES
(1, 'Inicio de Sesión', '2800:200:f190:23a:e8ea:76a5:f954:c299', 'Mozilla/5.0 (Windows NT 10.0; Win64; x64) AppleWebKit/537.36 (KHTML, like Gecko) Chrome/105.0.5195.127 Safari/537.36', '2022-09-24 20:33:03'),
(2, 'Cierre de Sesión', '2800:200:f190:23a:e8ea:76a5:f954:c299', 'Mozilla/5.0 (Windows NT 10.0; Win64; x64) AppleWebKit/537.36 (KHTML, like Gecko) Chrome/105.0.5195.127 Safari/537.36', '2022-09-24 20:45:56'),
(3, 'Inicio de Sesión', '2800:200:f190:23a:e8ea:76a5:f954:c299', 'Mozilla/5.0 (Windows NT 10.0; Win64; x64) AppleWebKit/537.36 (KHTML, like Gecko) Chrome/105.0.5195.127 Safari/537.36', '2022-09-24 20:46:14'),
(4, 'Cierre de Sesión', '2800:200:f190:23a:e8ea:76a5:f954:c299', 'Mozilla/5.0 (Windows NT 10.0; Win64; x64) AppleWebKit/537.36 (KHTML, like Gecko) Chrome/105.0.5195.127 Safari/537.36', '2022-09-24 20:57:32'),
(5, 'Inicio de Sesión', '2800:200:f190:23a:e8ea:76a5:f954:c299', 'Mozilla/5.0 (Windows NT 10.0; Win64; x64) AppleWebKit/537.36 (KHTML, like Gecko) Chrome/105.0.5195.127 Safari/537.36', '2022-09-24 20:58:11'),
(6, 'Cierre de Sesión', '2800:200:f190:23a:e8ea:76a5:f954:c299', 'Mozilla/5.0 (Windows NT 10.0; Win64; x64) AppleWebKit/537.36 (KHTML, like Gecko) Chrome/105.0.5195.127 Safari/537.36', '2022-09-24 21:44:50'),
(7, 'Inicio de Sesión', '2800:200:f190:23a:e8ea:76a5:f954:c299', 'Mozilla/5.0 (Windows NT 10.0; Win64; x64) AppleWebKit/537.36 (KHTML, like Gecko) Chrome/105.0.5195.127 Safari/537.36', '2022-09-24 21:45:07'),
(8, 'Cierre de Sesión', '2800:200:f190:23a:e8ea:76a5:f954:c299', 'Mozilla/5.0 (Windows NT 10.0; Win64; x64) AppleWebKit/537.36 (KHTML, like Gecko) Chrome/105.0.5195.127 Safari/537.36', '2022-09-24 21:45:43'),
(9, 'Inicio de Sesión', '2800:200:f190:23a:e8ea:76a5:f954:c299', 'Mozilla/5.0 (Windows NT 10.0; Win64; x64) AppleWebKit/537.36 (KHTML, like Gecko) Chrome/105.0.5195.127 Safari/537.36', '2022-09-24 21:45:49'),
(10, 'Cierre de Sesión', '2800:200:f190:23a:e8ea:76a5:f954:c299', 'Mozilla/5.0 (Windows NT 10.0; Win64; x64) AppleWebKit/537.36 (KHTML, like Gecko) Chrome/105.0.5195.127 Safari/537.36', '2022-09-24 21:51:54'),
(11, 'Inicio de Sesión', '2800:200:f190:23a:ec6a:9a35:6637:786', 'Mozilla/5.0 (Windows NT 10.0; Win64; x64) AppleWebKit/537.36 (KHTML, like Gecko) Chrome/105.0.5195.127 Safari/537.36', '2022-10-06 16:45:04'),
(12, 'Inicio de Sesión', '2800:200:f190:23a:143b:a229:8264:e9f', 'Mozilla/5.0 (Windows NT 10.0; Win64; x64) AppleWebKit/537.36 (KHTML, like Gecko) Chrome/105.0.5195.127 Safari/537.36', '2022-10-12 16:13:49'),
(13, 'Inicio de Sesión', '2800:200:f190:23a:88d6:5028:f41:9908', 'Mozilla/5.0 (Windows NT 10.0; Win64; x64) AppleWebKit/537.36 (KHTML, like Gecko) Chrome/105.0.5195.127 Safari/537.36', '2022-10-13 15:15:12'),
(14, 'Inicio de Sesión', '2800:200:f190:23a:5956:3b02:d89f:590d', 'Mozilla/5.0 (Linux; Android 12; M2101K9G) AppleWebKit/537.36 (KHTML, like Gecko) Chrome/106.0.0.0 Mobile Safari/537.36', '2022-10-13 15:17:13'),
(15, 'Inicio de Sesión', '2800:200:f190:23a:69dc:2667:4f02:2075', 'Mozilla/5.0 (Windows NT 10.0; Win64; x64) AppleWebKit/537.36 (KHTML, like Gecko) Chrome/107.0.0.0 Safari/537.36', '2022-11-02 16:35:04'),
(16, 'Cierre de Sesión', '2800:200:f190:23a:69dc:2667:4f02:2075', 'Mozilla/5.0 (Windows NT 10.0; Win64; x64) AppleWebKit/537.36 (KHTML, like Gecko) Chrome/107.0.0.0 Safari/537.36', '2022-11-02 16:56:01'),
(17, 'Inicio de Sesión', '2800:200:f190:23a:69dc:2667:4f02:2075', 'Mozilla/5.0 (Windows NT 10.0; Win64; x64) AppleWebKit/537.36 (KHTML, like Gecko) Chrome/107.0.0.0 Safari/537.36', '2022-11-02 16:56:12'),
(18, 'Inicio de Sesión', '2800:200:f190:23a:709a:37e9:146:83ad', 'Mozilla/5.0 (Windows NT 10.0; Win64; x64) AppleWebKit/537.36 (KHTML, like Gecko) Chrome/106.0.5249.119 Safari/537.36', '2022-11-05 18:01:43'),
(19, 'Inicio de Sesión', '2800:200:f1a0:4f7:b1cf:b2fd:11ed:7b40', 'Mozilla/5.0 (Windows NT 10.0; Win64; x64) AppleWebKit/537.36 (KHTML, like Gecko) Chrome/107.0.0.0 Safari/537.36', '2022-11-05 21:45:43'),
(20, 'Cierre de Sesión', '2800:200:f1a0:4f7:b1cf:b2fd:11ed:7b40', 'Mozilla/5.0 (Windows NT 10.0; Win64; x64) AppleWebKit/537.36 (KHTML, like Gecko) Chrome/107.0.0.0 Safari/537.36', '2022-11-05 21:52:24'),
(21, 'Inicio de Sesión', '2800:200:f1a0:4f7:b1cf:b2fd:11ed:7b40', 'Mozilla/5.0 (Windows NT 10.0; Win64; x64) AppleWebKit/537.36 (KHTML, like Gecko) Chrome/107.0.0.0 Safari/537.36', '2022-11-05 21:54:46'),
(22, 'Inicio de Sesión', '2800:200:f1a0:4f7:b1cf:b2fd:11ed:7b40', 'Mozilla/5.0 (Windows NT 10.0; Win64; x64) AppleWebKit/537.36 (KHTML, like Gecko) Chrome/107.0.0.0 Safari/537.36', '2022-11-05 21:55:21'),
(23, 'Inicio de Sesión', '2800:200:f1a0:4f7:28c8:6df6:36ef:3041', 'Mozilla/5.0 (Linux; Android 12; M2101K9G) AppleWebKit/537.36 (KHTML, like Gecko) Chrome/107.0.0.0 Mobile Safari/537.36', '2022-11-06 19:03:02'),
(24, 'Inicio de Sesión', '2800:200:f190:23a:895c:6995:aa2f:1c6f', 'Mozilla/5.0 (Windows NT 10.0; Win64; x64) AppleWebKit/537.36 (KHTML, like Gecko) Chrome/107.0.0.0 Safari/537.36', '2022-11-07 15:46:49'),
(25, 'Inicio de Sesión', '2800:200:f190:23a:28c8:6df6:36ef:3041', 'Mozilla/5.0 (Linux; Android 12; M2101K9G) AppleWebKit/537.36 (KHTML, like Gecko) Chrome/107.0.0.0 Mobile Safari/537.36', '2022-11-07 15:50:43'),
(26, 'Inicio de Sesión', '2800:200:f190:23a:1443:8a32:35ce:4c73', 'Mozilla/5.0 (Linux; Android 12; 2109119DG) AppleWebKit/537.36 (KHTML, like Gecko) Chrome/107.0.0.0 Mobile Safari/537.36', '2022-11-07 15:50:44'),
(27, 'Inicio de Sesión', '2800:200:f190:23a:1443:8a32:35ce:4c73', 'Mozilla/5.0 (X11; Linux x86_64) AppleWebKit/537.36 (KHTML, like Gecko) Chrome/107.0.0.0 Safari/537.36', '2022-11-07 19:36:30'),
(28, 'Inicio de Sesión', '2800:200:f1a0:4f7:bd55:61b4:d88e:c198', 'Mozilla/5.0 (Windows NT 10.0; Win64; x64) AppleWebKit/537.36 (KHTML, like Gecko) Chrome/107.0.0.0 Safari/537.36', '2022-11-20 00:09:17'),
(29, 'Inicio de Sesión', '2800:200:f190:23a:89ec:dde3:65a9:1afa', 'Mozilla/5.0 (Windows NT 10.0; Win64; x64) AppleWebKit/537.36 (KHTML, like Gecko) Chrome/106.0.5249.119 Safari/537.36', '2022-11-21 16:15:52'),
(30, 'Inicio de Sesión', '2800:200:f190:23a:c881:3c49:2e74:4f1b', 'Mozilla/5.0 (Windows NT 10.0; Win64; x64) AppleWebKit/537.36 (KHTML, like Gecko) Chrome/110.0.0.0 Safari/537.36', '2023-02-09 23:51:56'),
(31, 'Cierre de Sesión', '2800:200:f190:23a:c881:3c49:2e74:4f1b', 'Mozilla/5.0 (Windows NT 10.0; Win64; x64) AppleWebKit/537.36 (KHTML, like Gecko) Chrome/110.0.0.0 Safari/537.36', '2023-02-09 23:53:33'),
(32, 'Inicio de Sesión', '2800:200:f190:23a:c881:3c49:2e74:4f1b', 'Mozilla/5.0 (Windows NT 10.0; Win64; x64) AppleWebKit/537.36 (KHTML, like Gecko) Chrome/110.0.0.0 Safari/537.36', '2023-02-09 23:53:56'),
(33, 'Inicio de Sesión', '2800:200:f190:23a:84c:7714:903e:ea49', 'Mozilla/5.0 (Windows NT 10.0; Win64; x64) AppleWebKit/537.36 (KHTML, like Gecko) Chrome/110.0.0.0 Safari/537.36', '2023-03-08 17:59:30'),
(34, 'Cierre de Sesión', '2800:200:f190:23a:84c:7714:903e:ea49', 'Mozilla/5.0 (Windows NT 10.0; Win64; x64) AppleWebKit/537.36 (KHTML, like Gecko) Chrome/110.0.0.0 Safari/537.36', '2023-03-08 19:34:03'),
(35, 'Inicio de Sesión', '2800:200:f190:23a:84c:7714:903e:ea49', 'Mozilla/5.0 (Windows NT 10.0; Win64; x64) AppleWebKit/537.36 (KHTML, like Gecko) Chrome/110.0.0.0 Safari/537.36', '2023-03-08 19:34:22'),
(36, 'Cierre de Sesión', '2800:200:f190:23a:84c:7714:903e:ea49', 'Mozilla/5.0 (Windows NT 10.0; Win64; x64) AppleWebKit/537.36 (KHTML, like Gecko) Chrome/110.0.0.0 Safari/537.36', '2023-03-08 22:01:50'),
(37, 'Inicio de Sesión', '2800:200:f190:23a:84c:7714:903e:ea49', 'Mozilla/5.0 (Windows NT 10.0; Win64; x64) AppleWebKit/537.36 (KHTML, like Gecko) Chrome/110.0.0.0 Safari/537.36', '2023-03-08 22:02:19'),
(38, 'Inicio de Sesión', '2800:200:f190:23a:84c:7714:903e:ea49', 'Mozilla/5.0 (Windows NT 10.0; Win64; x64) AppleWebKit/537.36 (KHTML, like Gecko) Chrome/110.0.0.0 Safari/537.36', '2023-03-08 22:40:20'),
(39, 'Cierre de Sesión', '2800:200:f190:23a:84c:7714:903e:ea49', 'Mozilla/5.0 (Windows NT 10.0; Win64; x64) AppleWebKit/537.36 (KHTML, like Gecko) Chrome/110.0.0.0 Safari/537.36', '2023-03-08 23:03:02'),
(40, 'Inicio de Sesión', '2800:200:f190:23a:84c:7714:903e:ea49', 'Mozilla/5.0 (Windows NT 10.0; Win64; x64) AppleWebKit/537.36 (KHTML, like Gecko) Chrome/110.0.0.0 Safari/537.36', '2023-03-08 23:03:20'),
(41, 'Cierre de Sesión', '2800:200:f190:23a:84c:7714:903e:ea49', 'Mozilla/5.0 (Windows NT 10.0; Win64; x64) AppleWebKit/537.36 (KHTML, like Gecko) Chrome/110.0.0.0 Safari/537.36', '2023-03-08 23:33:51'),
(42, 'Inicio de Sesión', '2800:200:f190:23a:84c:7714:903e:ea49', 'Mozilla/5.0 (Windows NT 10.0; Win64; x64) AppleWebKit/537.36 (KHTML, like Gecko) Chrome/110.0.0.0 Safari/537.36', '2023-03-08 23:34:03');

-- --------------------------------------------------------

--
-- Estructura de tabla para la tabla `apartados`
--

CREATE TABLE `apartados` (
  `id` int(11) NOT NULL,
  `productos` longtext NOT NULL,
  `fecha_create` date DEFAULT NULL,
  `fecha_apartado` datetime NOT NULL,
  `fecha_retiro` datetime NOT NULL,
  `abono` decimal(10,2) NOT NULL,
  `total` decimal(10,2) NOT NULL,
  `color` varchar(15) NOT NULL,
  `estado` int(11) NOT NULL DEFAULT 1,
  `id_cliente` int(11) NOT NULL,
  `id_usuario` int(11) NOT NULL
) ENGINE=InnoDB DEFAULT CHARSET=utf8mb4;

-- --------------------------------------------------------

--
-- Estructura de tabla para la tabla `cajas`
--

CREATE TABLE `cajas` (
  `id` int(11) NOT NULL,
  `monto_inicial` decimal(10,2) NOT NULL,
  `fecha_apertura` date NOT NULL,
  `fecha_cierre` date DEFAULT NULL,
  `monto_final` decimal(10,2) DEFAULT NULL,
  `total_ventas` int(11) DEFAULT NULL,
  `egresos` decimal(10,2) DEFAULT NULL,
  `gastos` decimal(10,2) DEFAULT NULL,
  `estado` int(11) NOT NULL DEFAULT 1,
  `id_usuario` int(11) NOT NULL
) ENGINE=InnoDB DEFAULT CHARSET=utf8mb4;

--
-- Volcado de datos para la tabla `cajas`
--

INSERT INTO `cajas` (`id`, `monto_inicial`, `fecha_apertura`, `fecha_cierre`, `monto_final`, `total_ventas`, `egresos`, `gastos`, `estado`, `id_usuario`) VALUES
(1, 1000.00, '2022-09-24', NULL, NULL, NULL, NULL, NULL, 1, 1);

-- --------------------------------------------------------

--
-- Estructura de tabla para la tabla `categorias`
--

CREATE TABLE `categorias` (
  `id` int(11) NOT NULL,
  `categoria` varchar(100) NOT NULL,
  `fecha` timestamp NOT NULL DEFAULT current_timestamp() ON UPDATE current_timestamp(),
  `estado` int(11) NOT NULL DEFAULT 1
) ENGINE=InnoDB DEFAULT CHARSET=utf8mb4;

--
-- Volcado de datos para la tabla `categorias`
--

INSERT INTO `categorias` (`id`, `categoria`, `fecha`, `estado`) VALUES
(1, 'TECNOLOGÍA', '2022-09-24 20:34:51', 1),
(2, 'GOLOSINAS', '2022-09-24 20:47:12', 1);

-- --------------------------------------------------------

--
-- Estructura de tabla para la tabla `clientes`
--

CREATE TABLE `clientes` (
  `id` int(11) NOT NULL,
  `identidad` varchar(50) NOT NULL,
  `num_identidad` varchar(15) NOT NULL,
  `nombre` varchar(255) NOT NULL,
  `telefono` varchar(15) NOT NULL,
  `correo` varchar(100) DEFAULT NULL,
  `direccion` varchar(255) NOT NULL,
  `fecha` timestamp NOT NULL DEFAULT current_timestamp() ON UPDATE current_timestamp(),
  `estado` int(11) NOT NULL DEFAULT 1
) ENGINE=InnoDB DEFAULT CHARSET=utf8mb4;

--
-- Volcado de datos para la tabla `clientes`
--

INSERT INTO `clientes` (`id`, `identidad`, `num_identidad`, `nombre`, `telefono`, `correo`, `direccion`, `fecha`, `estado`) VALUES
(1, 'DNI', '0000000001', 'CLIENTES VARIOS', '954741258', 'cv@gmail.com', '<p><strong>HUARAZ</strong></p>', '2022-11-05 21:02:22', 1),
(2, 'DNI', '76083744', 'Cintya', '946156644', 'MiuChi060220@gmail.com', '<p>Jr.Carhuaz&nbsp;</p>', '2022-11-06 19:08:26', 1);

-- --------------------------------------------------------

--
-- Estructura de tabla para la tabla `compras`
--

CREATE TABLE `compras` (
  `id` int(11) NOT NULL,
  `productos` longtext NOT NULL,
  `total` decimal(10,2) NOT NULL,
  `fecha` date NOT NULL,
  `hora` time NOT NULL,
  `serie` varchar(20) NOT NULL,
  `estado` int(11) NOT NULL DEFAULT 1,
  `apertura` int(11) NOT NULL DEFAULT 1,
  `id_proveedor` int(11) NOT NULL,
  `id_usuario` int(11) NOT NULL
) ENGINE=InnoDB DEFAULT CHARSET=utf8mb4;

--
-- Volcado de datos para la tabla `compras`
--

INSERT INTO `compras` (`id`, `productos`, `total`, `fecha`, `hora`, `serie`, `estado`, `apertura`, `id_proveedor`, `id_usuario`) VALUES
(1, '[{\"id\":\"1\",\"nombre\":\"LAPTOP HP CORI I 7\",\"precio\":\"4100.00\",\"cantidad\":\"5\"},{\"id\":\"2\",\"nombre\":\"CARAMELO DE LIMON\",\"precio\":\"500.00\",\"cantidad\":1}]', 21000.00, '2022-09-24', '20:49:17', '00000001', 1, 1, 1, 1);

-- --------------------------------------------------------

--
-- Estructura de tabla para la tabla `configuracion`
--

CREATE TABLE `configuracion` (
  `id` int(11) NOT NULL,
  `ruc` varchar(15) NOT NULL,
  `nombre` varchar(255) NOT NULL,
  `telefono` varchar(50) NOT NULL,
  `correo` varchar(100) NOT NULL,
  `direccion` text NOT NULL,
  `mensaje` text NOT NULL,
  `impuesto` int(11) NOT NULL DEFAULT 0
) ENGINE=InnoDB DEFAULT CHARSET=utf8mb4;

--
-- Volcado de datos para la tabla `configuracion`
--

INSERT INTO `configuracion` (`id`, `ruc`, `nombre`, `telefono`, `correo`, `direccion`, `mensaje`, `impuesto`) VALUES
(1, '23999999999', 'VIDA INFORMATICO', '900897537', 'espinozamirandajose1@gmail.com', 'LIMA - PERÚ', '<p>GRACIAS POR SU PREFERENCIA SI TIENES <strong>DUDAS</strong> VISITA <a href=\"http://angelsifuentes.com/\">MI PAGINA WEB</a></p>', 0);

-- --------------------------------------------------------

--
-- Estructura de tabla para la tabla `cotizaciones`
--

CREATE TABLE `cotizaciones` (
  `id` int(11) NOT NULL,
  `productos` longtext NOT NULL,
  `total` decimal(10,2) NOT NULL,
  `fecha` date NOT NULL,
  `hora` time NOT NULL,
  `metodo` varchar(20) NOT NULL,
  `validez` varchar(30) NOT NULL,
  `descuento` decimal(10,2) NOT NULL DEFAULT 0.00,
  `id_cliente` int(11) NOT NULL
) ENGINE=InnoDB DEFAULT CHARSET=utf8mb4;

-- --------------------------------------------------------

--
-- Estructura de tabla para la tabla `creditos`
--

CREATE TABLE `creditos` (
  `id` int(11) NOT NULL,
  `monto` decimal(10,2) NOT NULL,
  `fecha` date NOT NULL,
  `hora` time NOT NULL,
  `estado` int(11) NOT NULL DEFAULT 1,
  `id_venta` int(11) NOT NULL
) ENGINE=InnoDB DEFAULT CHARSET=utf8mb4;

-- --------------------------------------------------------

--
-- Estructura de tabla para la tabla `detalle_apartado`
--

CREATE TABLE `detalle_apartado` (
  `id` int(11) NOT NULL,
  `monto` decimal(10,2) NOT NULL,
  `fecha` timestamp NOT NULL DEFAULT current_timestamp() ON UPDATE current_timestamp(),
  `apertura` int(11) NOT NULL DEFAULT 1,
  `id_apartado` int(11) NOT NULL,
  `id_usuario` int(11) NOT NULL
) ENGINE=InnoDB DEFAULT CHARSET=utf8mb4;

--
-- Volcado de datos para la tabla `detalle_apartado`
--

INSERT INTO `detalle_apartado` (`id`, `monto`, `fecha`, `apertura`, `id_apartado`, `id_usuario`) VALUES
(1, 5800.00, '0000-00-00 00:00:00', 0, 1, 1),
(2, 29000.00, '0000-00-00 00:00:00', 0, 2, 1),
(3, 6.00, '0000-00-00 00:00:00', 1, 3, 1);

-- --------------------------------------------------------

--
-- Estructura de tabla para la tabla `gastos`
--

CREATE TABLE `gastos` (
  `id` int(11) NOT NULL,
  `monto` decimal(10,2) NOT NULL,
  `descripcion` varchar(255) NOT NULL,
  `foto` varchar(150) DEFAULT NULL,
  `fecha` timestamp NOT NULL DEFAULT current_timestamp() ON UPDATE current_timestamp(),
  `apertura` int(11) NOT NULL DEFAULT 1,
  `id_usuario` int(11) NOT NULL
) ENGINE=InnoDB DEFAULT CHARSET=utf8mb4;

--
-- Volcado de datos para la tabla `gastos`
--

INSERT INTO `gastos` (`id`, `monto`, `descripcion`, `foto`, `fecha`, `apertura`, `id_usuario`) VALUES
(1, 150.00, '<p>PAGO DE LA LUZ</p>', NULL, '2022-09-24 20:40:19', 1, 1);

-- --------------------------------------------------------

--
-- Estructura de tabla para la tabla `inventario`
--

CREATE TABLE `inventario` (
  `id` int(11) NOT NULL,
  `movimiento` varchar(100) NOT NULL,
  `accion` varchar(20) NOT NULL,
  `cantidad` int(11) NOT NULL,
  `stock_actual` int(11) NOT NULL,
  `fecha` timestamp NOT NULL DEFAULT current_timestamp() ON UPDATE current_timestamp(),
  `id_producto` int(11) NOT NULL,
  `id_usuario` int(11) NOT NULL
) ENGINE=InnoDB DEFAULT CHARSET=utf8mb4;

--
-- Volcado de datos para la tabla `inventario`
--

INSERT INTO `inventario` (`id`, `movimiento`, `accion`, `cantidad`, `stock_actual`, `fecha`, `id_producto`, `id_usuario`) VALUES
(1, 'Venta N°: 1', 'salida', 4, 46, '2022-09-24 20:39:34', 1, 1),
(2, 'Compra N°: 1', 'entrada', 5, 51, '2022-09-24 20:49:17', 1, 1),
(3, 'Compra N°: 1', 'entrada', 1, 1, '2022-09-24 20:49:17', 2, 1),
(4, 'Venta N°: 2', 'salida', 1, 9, '2022-09-24 20:51:34', 2, 1);

-- --------------------------------------------------------

--
-- Estructura de tabla para la tabla `medidas`
--

CREATE TABLE `medidas` (
  `id` int(11) NOT NULL,
  `medida` varchar(100) NOT NULL,
  `nombre_corto` varchar(10) NOT NULL,
  `fecha` timestamp NOT NULL DEFAULT current_timestamp() ON UPDATE current_timestamp(),
  `estado` int(11) NOT NULL DEFAULT 1
) ENGINE=InnoDB DEFAULT CHARSET=utf8mb4;

--
-- Volcado de datos para la tabla `medidas`
--

INSERT INTO `medidas` (`id`, `medida`, `nombre_corto`, `fecha`, `estado`) VALUES
(1, 'CAJA', 'CJ', '2022-09-24 20:35:05', 1),
(2, 'GRAMOS', 'GR', '2022-09-24 20:47:04', 1);

-- --------------------------------------------------------

--
-- Estructura de tabla para la tabla `mesas`
--

CREATE TABLE `mesas` (
  `id` int(11) NOT NULL,
  `tiempo` varchar(50) COLLATE utf8_unicode_ci NOT NULL,
  `monto` decimal(10,2) NOT NULL,
  `estado` int(11) NOT NULL DEFAULT 1,
  `cliente` varchar(50) COLLATE utf8_unicode_ci NOT NULL,
  `fecha` timestamp NOT NULL DEFAULT current_timestamp() ON UPDATE current_timestamp(),
  `mesa` varchar(30) COLLATE utf8_unicode_ci NOT NULL,
  `id_cliente` int(11) NOT NULL,
  `id_usuario` int(11) NOT NULL
) ENGINE=InnoDB DEFAULT CHARSET=utf8 COLLATE=utf8_unicode_ci;

--
-- Volcado de datos para la tabla `mesas`
--

INSERT INTO `mesas` (`id`, `tiempo`, `monto`, `estado`, `cliente`, `fecha`, `mesa`, `id_cliente`, `id_usuario`) VALUES
(1, '30 MINUTOS', 3.00, 0, 'CLIENTES VARIOS', '2022-11-05 21:49:05', 'MESA 1', 1, 1),
(2, '1 HORA', 6.00, 1, 'Cintya', '2022-11-06 14:08:00', 'MESA 3', 2, 4);

-- --------------------------------------------------------

--
-- Estructura de tabla para la tabla `productos`
--

CREATE TABLE `productos` (
  `id` int(11) NOT NULL,
  `codigo` varchar(50) NOT NULL,
  `descripcion` text NOT NULL,
  `precio_compra` decimal(10,2) NOT NULL,
  `precio_venta` decimal(10,2) NOT NULL,
  `cantidad` int(11) NOT NULL DEFAULT 0,
  `foto` varchar(100) DEFAULT NULL,
  `estado` int(11) NOT NULL DEFAULT 1,
  `fecha` timestamp NOT NULL DEFAULT current_timestamp() ON UPDATE current_timestamp(),
  `ventas` int(11) NOT NULL DEFAULT 0,
  `id_medida` int(11) NOT NULL,
  `id_categoria` int(11) NOT NULL
) ENGINE=InnoDB DEFAULT CHARSET=utf8mb4;

--
-- Volcado de datos para la tabla `productos`
--

INSERT INTO `productos` (`id`, `codigo`, `descripcion`, `precio_compra`, `precio_venta`, `cantidad`, `foto`, `estado`, `fecha`, `ventas`, `id_medida`, `id_categoria`) VALUES
(1, '12345', 'LAPTOP HP CORI I 7', 4100.00, 5900.00, 51, 'assets/images/productos/20220924203553.jpg', 1, '2022-09-24 20:49:17', 4, 1, 1),
(2, '1234', 'CARAMELO DE LIMÓN', 500.00, 550.00, 9, NULL, 1, '2022-10-06 17:22:05', 1, 2, 2);

-- --------------------------------------------------------

--
-- Estructura de tabla para la tabla `proveedor`
--

CREATE TABLE `proveedor` (
  `id` int(11) NOT NULL,
  `ruc` varchar(15) NOT NULL,
  `nombre` varchar(255) NOT NULL,
  `telefono` varchar(50) NOT NULL,
  `correo` varchar(100) NOT NULL,
  `direccion` varchar(255) NOT NULL,
  `fecha` timestamp NOT NULL DEFAULT current_timestamp() ON UPDATE current_timestamp(),
  `estado` int(11) NOT NULL DEFAULT 1
) ENGINE=InnoDB DEFAULT CHARSET=utf8mb4;

--
-- Volcado de datos para la tabla `proveedor`
--

INSERT INTO `proveedor` (`id`, `ruc`, `nombre`, `telefono`, `correo`, `direccion`, `fecha`, `estado`) VALUES
(1, '101221212', 'Record Prov', '456413213', 'r@gmail.com', '<p>Record <i><strong>Proveedor</strong></i></p>', '2022-09-24 20:49:05', 1);

-- --------------------------------------------------------

--
-- Estructura de tabla para la tabla `usuarios`
--

CREATE TABLE `usuarios` (
  `id` int(11) NOT NULL,
  `nombre` varchar(100) NOT NULL,
  `apellido` varchar(100) NOT NULL,
  `correo` varchar(100) NOT NULL,
  `telefono` varchar(15) NOT NULL,
  `direccion` varchar(255) NOT NULL,
  `perfil` varchar(100) DEFAULT NULL,
  `clave` varchar(200) NOT NULL,
  `token` varchar(100) DEFAULT NULL,
  `fecha` timestamp NOT NULL DEFAULT current_timestamp() ON UPDATE current_timestamp(),
  `estado` int(11) NOT NULL DEFAULT 1,
  `rol` int(11) NOT NULL
) ENGINE=InnoDB DEFAULT CHARSET=utf8mb4;

--
-- Volcado de datos para la tabla `usuarios`
--

INSERT INTO `usuarios` (`id`, `nombre`, `apellido`, `correo`, `telefono`, `direccion`, `perfil`, `clave`, `token`, `fecha`, `estado`, `rol`) VALUES
(1, 'JOSÉ JS', 'ESPINOZA MIRANDA', 'espinozamirandajose1@gmail.com', '900897537', 'HUARAZ', NULL, '$2y$10$PBVfztrP.ynI6stFCV3vtOtF9asUF4yIfUjTQ5aXhE1xZEzb0DH3a', NULL, '2022-09-24 21:45:31', 1, 1),
(2, 'SEGUNDO', 'USUARIO', 'segundousers@gmail.com', '79898987', 'PERU', NULL, '$2y$10$iEqpvM8zHShRgJPKwgkIeeO1MqG6b6Ka2Y7vhJtOXe4KShEv3pN8i', NULL, '2022-09-20 14:50:54', 1, 2),
(3, 'Ana', 'Espinoza Miranda', 'ana@gmail.com', '915456752', 'Huaraz', NULL, '$2y$10$J6DCVc6s25CEaw2cVKsmyOvZE.pRB2O3lWtMkwPRcX3nhGQd2iHkC', NULL, '2022-11-05 20:42:17', 1, 2),
(4, 'Miu', 'Espino', 'miesmi1999@gmail.com', '946156644', 'Jr.Carhuaz #580', NULL, '$2y$10$lGQHcNegwCowZPzVbVPVE.zSr7Q7jBhjnVdAFnaDxNxd5Btds.Msq', NULL, '2022-11-05 21:50:58', 1, 1);

-- --------------------------------------------------------

--
-- Estructura de tabla para la tabla `ventas`
--

CREATE TABLE `ventas` (
  `id` int(11) NOT NULL,
  `productos` longtext NOT NULL,
  `total` decimal(10,2) NOT NULL,
  `fecha` date NOT NULL,
  `hora` time NOT NULL,
  `metodo` varchar(15) NOT NULL,
  `descuento` decimal(10,2) NOT NULL DEFAULT 0.00,
  `serie` varchar(20) NOT NULL,
  `estado` int(11) NOT NULL DEFAULT 1,
  `apertura` int(11) NOT NULL DEFAULT 1,
  `id_cliente` int(11) NOT NULL,
  `id_usuario` int(11) NOT NULL
) ENGINE=InnoDB DEFAULT CHARSET=utf8mb4;

--
-- Volcado de datos para la tabla `ventas`
--

INSERT INTO `ventas` (`id`, `productos`, `total`, `fecha`, `hora`, `metodo`, `descuento`, `serie`, `estado`, `apertura`, `id_cliente`, `id_usuario`) VALUES
(1, '[{\"id\":\"1\",\"nombre\":\"LAPTOP HP CORI I 7\",\"precio\":\"5900.00\",\"cantidad\":\"4\"}]', 23600.00, '2022-09-24', '20:39:34', 'CONTADO', 0.00, '00000001', 1, 1, 1, 1),
(2, '[{\"id\":\"2\",\"nombre\":\"CARAMELO DE LIMON\",\"precio\":\"550.00\",\"cantidad\":\"1\"}]', 550.00, '2022-09-24', '20:51:34', 'CONTADO', 0.00, '00000002', 1, 1, 1, 1);

--
-- Índices para tablas volcadas
--

--
-- Indices de la tabla `abonos`
--
ALTER TABLE `abonos`
  ADD PRIMARY KEY (`id`),
  ADD KEY `id_credito` (`id_credito`);

--
-- Indices de la tabla `acceso`
--
ALTER TABLE `acceso`
  ADD PRIMARY KEY (`id`);

--
-- Indices de la tabla `apartados`
--
ALTER TABLE `apartados`
  ADD PRIMARY KEY (`id`),
  ADD KEY `id_cliente` (`id_cliente`);

--
-- Indices de la tabla `cajas`
--
ALTER TABLE `cajas`
  ADD PRIMARY KEY (`id`),
  ADD KEY `id_usuario` (`id_usuario`);

--
-- Indices de la tabla `categorias`
--
ALTER TABLE `categorias`
  ADD PRIMARY KEY (`id`);

--
-- Indices de la tabla `clientes`
--
ALTER TABLE `clientes`
  ADD PRIMARY KEY (`id`);

--
-- Indices de la tabla `compras`
--
ALTER TABLE `compras`
  ADD PRIMARY KEY (`id`),
  ADD KEY `id_proveedor` (`id_proveedor`),
  ADD KEY `id_usuario` (`id_usuario`);

--
-- Indices de la tabla `configuracion`
--
ALTER TABLE `configuracion`
  ADD PRIMARY KEY (`id`);

--
-- Indices de la tabla `cotizaciones`
--
ALTER TABLE `cotizaciones`
  ADD PRIMARY KEY (`id`),
  ADD KEY `id_cliente` (`id_cliente`);

--
-- Indices de la tabla `creditos`
--
ALTER TABLE `creditos`
  ADD PRIMARY KEY (`id`),
  ADD KEY `id_venta` (`id_venta`);

--
-- Indices de la tabla `detalle_apartado`
--
ALTER TABLE `detalle_apartado`
  ADD PRIMARY KEY (`id`);

--
-- Indices de la tabla `gastos`
--
ALTER TABLE `gastos`
  ADD PRIMARY KEY (`id`),
  ADD KEY `id_usuario` (`id_usuario`);

--
-- Indices de la tabla `inventario`
--
ALTER TABLE `inventario`
  ADD PRIMARY KEY (`id`),
  ADD KEY `id_producto` (`id_producto`),
  ADD KEY `id_usuario` (`id_usuario`);

--
-- Indices de la tabla `medidas`
--
ALTER TABLE `medidas`
  ADD PRIMARY KEY (`id`);

--
-- Indices de la tabla `mesas`
--
ALTER TABLE `mesas`
  ADD PRIMARY KEY (`id`),
  ADD KEY `id_cliente` (`id_cliente`);

--
-- Indices de la tabla `productos`
--
ALTER TABLE `productos`
  ADD PRIMARY KEY (`id`),
  ADD KEY `id_categoria` (`id_categoria`),
  ADD KEY `id_medida` (`id_medida`);

--
-- Indices de la tabla `proveedor`
--
ALTER TABLE `proveedor`
  ADD PRIMARY KEY (`id`);

--
-- Indices de la tabla `usuarios`
--
ALTER TABLE `usuarios`
  ADD PRIMARY KEY (`id`);

--
-- Indices de la tabla `ventas`
--
ALTER TABLE `ventas`
  ADD PRIMARY KEY (`id`),
  ADD KEY `id_cliente` (`id_cliente`),
  ADD KEY `id_usuario` (`id_usuario`);

--
-- AUTO_INCREMENT de las tablas volcadas
--

--
-- AUTO_INCREMENT de la tabla `abonos`
--
ALTER TABLE `abonos`
  MODIFY `id` int(11) NOT NULL AUTO_INCREMENT;

--
-- AUTO_INCREMENT de la tabla `acceso`
--
ALTER TABLE `acceso`
  MODIFY `id` int(11) NOT NULL AUTO_INCREMENT, AUTO_INCREMENT=43;

--
-- AUTO_INCREMENT de la tabla `apartados`
--
ALTER TABLE `apartados`
  MODIFY `id` int(11) NOT NULL AUTO_INCREMENT, AUTO_INCREMENT=3;

--
-- AUTO_INCREMENT de la tabla `cajas`
--
ALTER TABLE `cajas`
  MODIFY `id` int(11) NOT NULL AUTO_INCREMENT, AUTO_INCREMENT=2;

--
-- AUTO_INCREMENT de la tabla `categorias`
--
ALTER TABLE `categorias`
  MODIFY `id` int(11) NOT NULL AUTO_INCREMENT, AUTO_INCREMENT=3;

--
-- AUTO_INCREMENT de la tabla `clientes`
--
ALTER TABLE `clientes`
  MODIFY `id` int(11) NOT NULL AUTO_INCREMENT, AUTO_INCREMENT=3;

--
-- AUTO_INCREMENT de la tabla `compras`
--
ALTER TABLE `compras`
  MODIFY `id` int(11) NOT NULL AUTO_INCREMENT, AUTO_INCREMENT=2;

--
-- AUTO_INCREMENT de la tabla `configuracion`
--
ALTER TABLE `configuracion`
  MODIFY `id` int(11) NOT NULL AUTO_INCREMENT, AUTO_INCREMENT=2;

--
-- AUTO_INCREMENT de la tabla `cotizaciones`
--
ALTER TABLE `cotizaciones`
  MODIFY `id` int(11) NOT NULL AUTO_INCREMENT;

--
-- AUTO_INCREMENT de la tabla `creditos`
--
ALTER TABLE `creditos`
  MODIFY `id` int(11) NOT NULL AUTO_INCREMENT, AUTO_INCREMENT=2;

--
-- AUTO_INCREMENT de la tabla `detalle_apartado`
--
ALTER TABLE `detalle_apartado`
  MODIFY `id` int(11) NOT NULL AUTO_INCREMENT, AUTO_INCREMENT=4;

--
-- AUTO_INCREMENT de la tabla `gastos`
--
ALTER TABLE `gastos`
  MODIFY `id` int(11) NOT NULL AUTO_INCREMENT, AUTO_INCREMENT=2;

--
-- AUTO_INCREMENT de la tabla `inventario`
--
ALTER TABLE `inventario`
  MODIFY `id` int(11) NOT NULL AUTO_INCREMENT, AUTO_INCREMENT=5;

--
-- AUTO_INCREMENT de la tabla `medidas`
--
ALTER TABLE `medidas`
  MODIFY `id` int(11) NOT NULL AUTO_INCREMENT, AUTO_INCREMENT=3;

--
-- AUTO_INCREMENT de la tabla `mesas`
--
ALTER TABLE `mesas`
  MODIFY `id` int(11) NOT NULL AUTO_INCREMENT, AUTO_INCREMENT=3;

--
-- AUTO_INCREMENT de la tabla `productos`
--
ALTER TABLE `productos`
  MODIFY `id` int(11) NOT NULL AUTO_INCREMENT, AUTO_INCREMENT=3;

--
-- AUTO_INCREMENT de la tabla `proveedor`
--
ALTER TABLE `proveedor`
  MODIFY `id` int(11) NOT NULL AUTO_INCREMENT, AUTO_INCREMENT=2;

--
-- AUTO_INCREMENT de la tabla `usuarios`
--
ALTER TABLE `usuarios`
  MODIFY `id` int(11) NOT NULL AUTO_INCREMENT, AUTO_INCREMENT=5;

--
-- AUTO_INCREMENT de la tabla `ventas`
--
ALTER TABLE `ventas`
  MODIFY `id` int(11) NOT NULL AUTO_INCREMENT, AUTO_INCREMENT=3;

--
-- Restricciones para tablas volcadas
--

--
-- Filtros para la tabla `abonos`
--
ALTER TABLE `abonos`
  ADD CONSTRAINT `abonos_ibfk_1` FOREIGN KEY (`id_credito`) REFERENCES `creditos` (`id`);

--
-- Filtros para la tabla `apartados`
--
ALTER TABLE `apartados`
  ADD CONSTRAINT `apartados_ibfk_1` FOREIGN KEY (`id_cliente`) REFERENCES `clientes` (`id`);

--
-- Filtros para la tabla `cajas`
--
ALTER TABLE `cajas`
  ADD CONSTRAINT `cajas_ibfk_1` FOREIGN KEY (`id_usuario`) REFERENCES `usuarios` (`id`);

--
-- Filtros para la tabla `compras`
--
ALTER TABLE `compras`
  ADD CONSTRAINT `compras_ibfk_1` FOREIGN KEY (`id_proveedor`) REFERENCES `proveedor` (`id`),
  ADD CONSTRAINT `compras_ibfk_2` FOREIGN KEY (`id_usuario`) REFERENCES `usuarios` (`id`);

--
-- Filtros para la tabla `cotizaciones`
--
ALTER TABLE `cotizaciones`
  ADD CONSTRAINT `cotizaciones_ibfk_1` FOREIGN KEY (`id_cliente`) REFERENCES `clientes` (`id`);

--
-- Filtros para la tabla `creditos`
--
ALTER TABLE `creditos`
  ADD CONSTRAINT `creditos_ibfk_1` FOREIGN KEY (`id_venta`) REFERENCES `ventas` (`id`);

--
-- Filtros para la tabla `gastos`
--
ALTER TABLE `gastos`
  ADD CONSTRAINT `gastos_ibfk_1` FOREIGN KEY (`id_usuario`) REFERENCES `usuarios` (`id`);

--
-- Filtros para la tabla `inventario`
--
ALTER TABLE `inventario`
  ADD CONSTRAINT `inventario_ibfk_1` FOREIGN KEY (`id_producto`) REFERENCES `productos` (`id`),
  ADD CONSTRAINT `inventario_ibfk_2` FOREIGN KEY (`id_usuario`) REFERENCES `usuarios` (`id`);

--
-- Filtros para la tabla `productos`
--
ALTER TABLE `productos`
  ADD CONSTRAINT `productos_ibfk_1` FOREIGN KEY (`id_categoria`) REFERENCES `categorias` (`id`),
  ADD CONSTRAINT `productos_ibfk_2` FOREIGN KEY (`id_medida`) REFERENCES `medidas` (`id`);

--
-- Filtros para la tabla `ventas`
--
ALTER TABLE `ventas`
  ADD CONSTRAINT `ventas_ibfk_1` FOREIGN KEY (`id_cliente`) REFERENCES `clientes` (`id`),
  ADD CONSTRAINT `ventas_ibfk_2` FOREIGN KEY (`id_usuario`) REFERENCES `usuarios` (`id`);
COMMIT;

/*!40101 SET CHARACTER_SET_CLIENT=@OLD_CHARACTER_SET_CLIENT */;
/*!40101 SET CHARACTER_SET_RESULTS=@OLD_CHARACTER_SET_RESULTS */;
/*!40101 SET COLLATION_CONNECTION=@OLD_COLLATION_CONNECTION */;
